<?xml version="1.0" encoding="utf-8"?>
<selector xmlns:android="http://schemas.android.com/apk/res/android">

    <item android:state_pressed="true">
        <bitmap xmlns:android="http://schemas.android.com/apk/res/android" android:gravity="center_vertical|end" android:src="@drawable/arrow_libr_red" />
    </item>
    <item android:state_focused="true">
        <bitmap xmlns:android="http://schemas.android.com/apk/res/android" android:gravity="center_vertical|end" android:src="@drawable/arrow_libr_red" />
    </item>
    <item android:state_selected="true">
        <bitmap xmlns:android="http://schemas.android.com/apk/res/android" android:gravity="center_vertical|end" android:src="@drawable/arrow_libr_gray" />
    </item>

    <item>
        <bitmap xmlns:android="http://schemas.android.com/apk/res/android" android:gravity="center_vertical|end" android:src="@drawable/arrow_libr_gray" />
    </item>
</selector>